nexus_name,specimen_name
I26283_JR037_Polemonium_viscosum,viscosum_Rose_14-253
I23914_JR098_Polemonium_brandegeii,brandegeii
I23921_JR109_Polemonium_viscosum,confertum_Rose_14-240
I23912_JR112_Polemonium_pauciflorum,pauciflorum
I23903_JR102_Polemonium_flavum,flavum
I20026_JR32_Polemonium_filicinum,sp._nov.
I23892_JR038_Polemonium_foliosissimum,foliosissimum
I20027_JR46_Polemonium_alpinum,alpinum
I23889_JR041_Polemonium_molle,molle_Rose_14-235a
I23913_JR040_Polemonium_molle,molle_Rose_14-250
I23893_JR122_Ericales_Fouquieriaceae_Fouquieria_purpusii,molle_Rose_14-254a
I26284_JRRS15_Polemonium_eddyense,eddyense
I23906_JRRS22_Polemonium_eximium,eximium_Stubbs_22
I23919_JR107_Polemonium_chartaceum,chartaceum_Stubbs_23
I23922_JRRS24_Polemonium_chartaceum,chartaceum_Stubbs_24
I23890_JRRS14_Polemonium_eximium,eximium_Stubbs_14
I23917_JR124_Polemonium_viscosum,viscosum_Rose_14-232
I23898_JRRS25_Polemonium_viscosum,viscosum_Stubbs_25
I23926_JR108_Polemonium_nevadense,nevadense
I23897_JR5148_Polemonium_elusum,elusum_Irwin_5148
I23927_JR5496_Polemonium_elusum,elusum_Irwin_5496
I23905_JRRS10_Polemonium_carneum,carneum_Stubbs_10
I23924_JRRS8_Polemonium_carneum,carneum_Stubbs_8
I20028_JR8_Polemonium_elegans,elegans
I26282_JR137_Polemonium_micranthum,micranthum
I23911_JR125_Gilia_capitata,Gilia
I23899_JR133_Polemonium_pulcherrimum_lindleyi,pulcherrimum_lindleyi
I23916_JR128_Polemonium_pulcherrimum_pulcherrimum,pulcherrimum_p._DiNicola_2013-53
I23883_JRRS16_Polemonium_pulcherimum_shastense,pulcherimum_shastense
I23925_JRRS20_Polemonium_pulcherrimum_pulcherrimum,pulcherrimum_p._Stubbs_20
I20025_JR50_Polemonium_boreale,boreale
I23923_JR009_Polemonium_californicum,californicum_JR9_WA
I23904_JRRS18_Polemonium_californicum,californicum_Stubbs_18
I26285_JR136_Polemonium_delicatum,delicatum_Rose_14-233b
I23902_JR101_Polemonium_delicatum,delicatum_Rose_14-239
I23907_JR95_Polemonium_pectinatum,pectinatum
I23908_JR104_Polemonium_acutiflorum,acutiflorum
I23896_JR001_Polemonium_occidentale_lacustre,occidentale_lacustre
I23920_JRRS17_Polemonium_occidentale_occidentale,occidentale_o._Stubbs_17
I23901_JR091_Polemonium_occidentale_occidentale,occidentale_o._Rose_14-226
I23909_JR010_Polemonium_reptans,reptans_r._Rose_13-44
I20029_JR11_Polemonium_reptans,reptans_villosum_JR11
I23891_JR003_Polemonium_vanbruntiae,vanbruntiae_Rose_13-46
I23895_JRVB2_Polemonium_vanbruntiae,vanbruntiae_JRVB2_VT
I23918_JR002_Polemonium_vanbruntiae,vanbruntiae_JR2_NY
I20030_JRVB3_Polemonium_vanbruntiae,vanbruntiae_JRVB3_QB
I23886_JR129_Ipomopsis_aggregata,Ipomopsis
I23885_JR119_Leptosiphon_montanus,Leptosiphon